--
-- PostgreSQL database dump
--

-- Dumped from database version 17.4
-- Dumped by pg_dump version 17.2

SET statement_timeout = 0;
SET lock_timeout = 0;
SET idle_in_transaction_session_timeout = 0;
SET transaction_timeout = 0;
SET client_encoding = 'UTF8';
SET standard_conforming_strings = on;
SELECT pg_catalog.set_config('search_path', '', false);
SET check_function_bodies = false;
SET xmloption = content;
SET client_min_messages = warning;
SET row_security = off;

SET default_tablespace = '';

SET default_table_access_method = heap;

--
-- Name: tasks; Type: TABLE; Schema: public; Owner: postgres
--

CREATE TABLE public.tasks (
    id integer NOT NULL,
    description character varying(255) NOT NULL,
    priority character varying(255) NOT NULL,
    status character varying(255) NOT NULL,
    title character varying(255) NOT NULL,
    owner_id integer NOT NULL,
    CONSTRAINT tasks_priority_check CHECK (((priority)::text = ANY ((ARRAY['LOW'::character varying, 'MEDIUM'::character varying, 'HIGH'::character varying])::text[]))),
    CONSTRAINT tasks_status_check CHECK (((status)::text = ANY ((ARRAY['YAPILACAK'::character varying, 'DEVAM_EDIYOR'::character varying, 'BITTI'::character varying])::text[])))
);


ALTER TABLE public.tasks OWNER TO postgres;

--
-- Name: tasks_id_seq; Type: SEQUENCE; Schema: public; Owner: postgres
--

ALTER TABLE public.tasks ALTER COLUMN id ADD GENERATED BY DEFAULT AS IDENTITY (
    SEQUENCE NAME public.tasks_id_seq
    START WITH 1
    INCREMENT BY 1
    NO MINVALUE
    NO MAXVALUE
    CACHE 1
);


--
-- Name: user_profiles; Type: TABLE; Schema: public; Owner: postgres
--

CREATE TABLE public.user_profiles (
    id integer NOT NULL,
    adres character varying(255),
    birth_date date NOT NULL,
    telefon character varying(255),
    user_id integer NOT NULL,
    address character varying(255),
    phone character varying(255)
);


ALTER TABLE public.user_profiles OWNER TO postgres;

--
-- Name: user_profiles_id_seq; Type: SEQUENCE; Schema: public; Owner: postgres
--

ALTER TABLE public.user_profiles ALTER COLUMN id ADD GENERATED BY DEFAULT AS IDENTITY (
    SEQUENCE NAME public.user_profiles_id_seq
    START WITH 1
    INCREMENT BY 1
    NO MINVALUE
    NO MAXVALUE
    CACHE 1
);


--
-- Name: users; Type: TABLE; Schema: public; Owner: postgres
--

CREATE TABLE public.users (
    id integer NOT NULL,
    email character varying(255) NOT NULL,
    name character varying(255) NOT NULL,
    password character varying(255) NOT NULL,
    role character varying(255) NOT NULL,
    surname character varying(255) NOT NULL,
    CONSTRAINT users_role_check CHECK (((role)::text = ANY ((ARRAY['ADMIN'::character varying, 'USER'::character varying])::text[])))
);


ALTER TABLE public.users OWNER TO postgres;

--
-- Name: users_id_seq; Type: SEQUENCE; Schema: public; Owner: postgres
--

ALTER TABLE public.users ALTER COLUMN id ADD GENERATED BY DEFAULT AS IDENTITY (
    SEQUENCE NAME public.users_id_seq
    START WITH 1
    INCREMENT BY 1
    NO MINVALUE
    NO MAXVALUE
    CACHE 1
);


--
-- Data for Name: tasks; Type: TABLE DATA; Schema: public; Owner: postgres
--

INSERT INTO public.tasks VALUES
	(3, 'Yeni müşterilerle görüşme', 'MEDIUM', 'DEVAM_EDIYOR', 'Müşteri toplantısı', 1),
	(4, 'Gelen e-postaları kontrol et', 'LOW', 'BITTI', 'E-posta kontrolü', 1),
	(5, 'Proje dosyalarını düzenle', 'MEDIUM', 'YAPILACAK', 'Dosya düzenleme', 1),
	(6, 'Haftalık sunumu hazırla', 'HIGH', 'DEVAM_EDIYOR', 'Sunum hazırlama', 1),
	(8, 'Yeni reklam kampanyası planla', 'HIGH', 'DEVAM_EDIYOR', 'Reklam kampanyası', 2),
	(9, 'Aylık bütçeyi planla', 'MEDIUM', 'BITTI', 'Bütçe planlaması', 2),
	(10, 'Yeni personeli eğit', 'MEDIUM', 'YAPILACAK', 'Personel eğitimi', 2),
	(11, 'Ürün kalitesini kontrol et', 'LOW', 'DEVAM_EDIYOR', 'Kalite kontrolü', 2),
	(12, 'Müşteri teknik sorunlarını çöz', 'HIGH', 'YAPILACAK', 'Teknik destek', 3),
	(13, 'Yazılım sistemini güncelle', 'HIGH', 'DEVAM_EDIYOR', 'Sistem güncelleme', 3),
	(14, 'Veritabanı yedeği al', 'MEDIUM', 'BITTI', 'Yedekleme', 3),
	(15, 'Sistem güvenliğini kontrol et', 'HIGH', 'YAPILACAK', 'Güvenlik kontrolü', 3),
	(16, 'Sistem performansını artır', 'MEDIUM', 'DEVAM_EDIYOR', 'Performans optimizasyonu', 3),
	(17, 'Yeni pazarlama stratejisi geliştir', 'HIGH', 'YAPILACAK', 'Pazarlama stratejisi', 4),
	(18, 'Sosyal medya hesaplarını yönet', 'MEDIUM', 'DEVAM_EDIYOR', 'Sosyal medya yönetimi', 4),
	(19, 'Blog yazıları yaz', 'LOW', 'BITTI', 'İçerik oluşturma', 4),
	(20, 'Web sitesi SEO çalışması', 'MEDIUM', 'YAPILACAK', 'SEO optimizasyonu', 4),
	(21, 'Reklam performansını analiz et', 'HIGH', 'DEVAM_EDIYOR', 'Reklam analizi', 4),
	(22, 'Müşteri şikayetlerini çöz', 'HIGH', 'YAPILACAK', 'Müşteri hizmetleri', 5),
	(23, 'Müşterilere ürün eğitimi ver', 'MEDIUM', 'DEVAM_EDIYOR', 'Ürün eğitimi', 5),
	(24, 'Gelen siparişleri takip et', 'LOW', 'BITTI', 'Sipariş takibi', 5),
	(25, 'Ürün stoklarını kontrol et', 'MEDIUM', 'YAPILACAK', 'Stok kontrolü', 5),
	(26, 'Ürün fiyatlarını güncelle', 'HIGH', 'DEVAM_EDIYOR', 'Fiyat güncelleme', 5),
	(27, 'Aylık finansal raporları hazırla', 'HIGH', 'YAPILACAK', 'Finansal raporlama', 6),
	(28, 'Bütçe performansını analiz et', 'MEDIUM', 'DEVAM_EDIYOR', 'Bütçe analizi', 6),
	(29, 'Aylık vergi hesaplamalarını yap', 'HIGH', 'BITTI', 'Vergi hesaplama', 6),
	(30, 'Üretim maliyetlerini analiz et', 'MEDIUM', 'YAPILACAK', 'Maliyet analizi', 6),
	(31, 'Nakit akışını takip et', 'HIGH', 'DEVAM_EDIYOR', 'Nakit akışı', 6),
	(32, 'Personel işlemlerini yönet', 'HIGH', 'YAPILACAK', 'İnsan kaynakları', 7),
	(33, 'Yeni personel alım sürecini yönet', 'MEDIUM', 'DEVAM_EDIYOR', 'İşe alım', 7),
	(34, 'Personel performansını değerlendir', 'LOW', 'BITTI', 'Performans değerlendirme', 7),
	(35, 'Personel eğitimlerini planla', 'MEDIUM', 'YAPILACAK', 'Eğitim planlaması', 7),
	(36, 'Personel maaşlarını hesapla', 'HIGH', 'DEVAM_EDIYOR', 'Maaş hesaplama', 7),
	(37, 'Tedarik zinciri süreçlerini yönet', 'HIGH', 'YAPILACAK', 'Lojistik yönetimi', 8),
	(38, 'Depo stoklarını yönet', 'MEDIUM', 'DEVAM_EDIYOR', 'Depo yönetimi', 8),
	(39, 'Ürün nakliye planlarını yap', 'LOW', 'BITTI', 'Nakliye planlaması', 8),
	(40, 'Tedarikçilerle iletişimi yönet', 'MEDIUM', 'YAPILACAK', 'Tedarikçi ilişkileri', 8),
	(41, 'Gelen ürünlerin kalitesini kontrol et', 'HIGH', 'DEVAM_EDIYOR', 'Kalite kontrolü', 8),
	(42, 'Yeni ürün geliştirme süreçleri', 'HIGH', 'YAPILACAK', 'Araştırma ve geliştirme', 9),
	(43, 'Yeni ürün prototiplerini test et', 'MEDIUM', 'DEVAM_EDIYOR', 'Prototip testi', 9),
	(44, 'Patent başvurularını araştır', 'LOW', 'BITTI', 'Patent araştırması', 9),
	(45, 'Yeni teknolojileri araştır', 'MEDIUM', 'YAPILACAK', 'Teknoloji araştırması', 9),
	(46, 'İnovasyon projelerini yönet', 'HIGH', 'DEVAM_EDIYOR', 'İnovasyon projeleri', 9),
	(47, 'Şirket yasal işlemlerini yönet', 'HIGH', 'YAPILACAK', 'Yasal işlemler', 10),
	(48, 'İş sözleşmelerini hazırla', 'MEDIUM', 'DEVAM_EDIYOR', 'Sözleşme hazırlama', 10),
	(49, 'Yasal uyumluluk kontrollerini yap', 'LOW', 'BITTI', 'Uyumluluk kontrolü', 10),
	(50, 'Yasal riskleri analiz et', 'MEDIUM', 'YAPILACAK', 'Risk analizi', 10),
	(51, 'Şirket politikalarını güncelle', 'HIGH', 'DEVAM_EDIYOR', 'Politika güncelleme', 10);


--
-- Data for Name: user_profiles; Type: TABLE DATA; Schema: public; Owner: postgres
--

INSERT INTO public.user_profiles VALUES
	(1, 'Atatürk Caddesi No:123, Ankara', '1990-05-15', '+90 532 123 4567', 1, NULL, NULL),
	(2, 'İstiklal Sokak No:45, İstanbul', '1988-12-03', '+90 533 234 5678', 2, NULL, NULL),
	(5, 'Kurtuluş Caddesi No:12, Antalya', '1995-11-28', '+90 536 567 8901', 5, NULL, NULL),
	(4, 'Gazi Bulvarı No:89, Bursa', '1985-03-10', '+90 535 456 7890', 4, NULL, NULL),
	(3, 'Cumhuriyet Mahallesi No:67, İzmir', '1992-08-22', '+90 534 345 6789', 3, NULL, NULL),
	(6, 'Barış Sokak No:34, Adana', '1987-07-14', '+90 537 678 9012', 6, NULL, NULL),
	(7, 'Demokratik Mahalle No:56, Konya', '1993-09-05', '+90 538 789 0123', 7, NULL, NULL),
	(8, 'Özgürlük Caddesi No:78, Gaziantep', '1991-01-20', '+90 539 890 1234', 8, NULL, NULL),
	(10, 'Cumhuriyet Bulvarı No:11, Kayseri', '1994-04-18', '+90 541 012 3456', 10, NULL, NULL),
	(11, 'Atatürk Mahallesi No:23, Samsun', '1986-10-25', '+90 542 123 4567', 11, NULL, NULL),
	(12, 'İstiklal Caddesi No:45, Trabzon', '1990-02-08', '+90 543 234 5678', 12, NULL, NULL),
	(13, 'Cumhuriyet Sokak No:67, Erzurum', '1988-12-15', '+90 544 345 6789', 13, NULL, NULL),
	(14, 'Gazi Mahallesi No:89, Van', '1992-07-30', '+90 545 456 7890', 14, NULL, NULL),
	(15, 'Kurtuluş Bulvarı No:12, Diyarbakır', '1985-11-22', '+90 546 567 8901', 15, NULL, NULL),
	(9, 'bds', '1989-06-12', '+90 540 901 2345', 9, NULL, NULL);


--
-- Data for Name: users; Type: TABLE DATA; Schema: public; Owner: postgres
--

INSERT INTO public.users VALUES
	(87, 'aldnn.ay@gmail.com', 'Alaaddin', '$2a$10$14Oc6oEeUoDcnnvyFDgrZeH1vdoPklbN7iztsuafNXBZ4yDOcv77C', 'ADMIN', 'Ay'),
	(88, 'ald@gmail.com', 'Alaaddin', '$2a$10$hlLHor4s133pmO4UsSZSDedPaaiz.hZne3LFrpmIM6I1GnyB6aI3K', 'USER', 'Ay'),
	(15, 'admin@email.com', 'Admin', '$2a$10$hlLHor4s133pmO4UsSZSDedPaaiz.hZne3LFrpmIM6I1GnyB6aI3K', 'ADMIN', 'User'),
	(14, 'emre.gunes@email.com', 'Emre', '$2a$10$hlLHor4s133pmO4UsSZSDedPaaiz.hZne3LFrpmIM6I1GnyB6aI3K', 'ADMIN', 'Güneş'),
	(13, 'gizem.ozturk@email.com', 'Gizem', '$2a$10$hlLHor4s133pmO4UsSZSDedPaaiz.hZne3LFrpmIM6I1GnyB6aI3K', 'USER', 'Öztürk'),
	(12, 'deniz.kurt@email.com', 'Deniz', '$2a$10$hlLHor4s133pmO4UsSZSDedPaaiz.hZne3LFrpmIM6I1GnyB6aI3K', 'USER', 'Kurt'),
	(11, 'burak.erdogan@email.com', 'Burak', '$2a$10$hlLHor4s133pmO4UsSZSDedPaaiz.hZne3LFrpmIM6I1GnyB6aI3K', 'USER', 'Erdoğan'),
	(10, 'selin.aydin@email.com', 'Selin', '$2a$10$hlLHor4s133pmO4UsSZSDedPaaiz.hZne3LFrpmIM6I1GnyB6aI3K', 'USER', 'Aydın'),
	(9, 'hasan.yildiz@email.com', 'Hasan', '$2a$10$hlLHor4s133pmO4UsSZSDedPaaiz.hZne3LFrpmIM6I1GnyB6aI3K', 'USER', 'Yıldız'),
	(8, 'elif.koc@email.com', 'Elif', '$2a$10$hlLHor4s133pmO4UsSZSDedPaaiz.hZne3LFrpmIM6I1GnyB6aI3K', 'USER', 'Koç'),
	(7, 'mustafa.sahin@email.com', 'Mustafa', '$2a$10$hlLHor4s133pmO4UsSZSDedPaaiz.hZne3LFrpmIM6I1GnyB6aI3K', 'USER', 'Şahin'),
	(6, 'zeynep.arslan@email.com', 'Zeynep', '$2a$10$hlLHor4s133pmO4UsSZSDedPaaiz.hZne3LFrpmIM6I1GnyB6aI3K', 'USER', 'Arslan'),
	(5, 'ali.ozkan@email.com', 'Ali', '$2a$10$hlLHor4s133pmO4UsSZSDedPaaiz.hZne3LFrpmIM6I1GnyB6aI3K', 'USER', 'Özkan'),
	(4, 'ayse.celik@email.com', 'Ayşe', '$2a$10$hlLHor4s133pmO4UsSZSDedPaaiz.hZne3LFrpmIM6I1GnyB6aI3K', 'USER', 'Çelik'),
	(3, 'mehmet.kaya@email.com', 'Mehmet', '$2a$10$hlLHor4s133pmO4UsSZSDedPaaiz.hZne3LFrpmIM6I1GnyB6aI3K', 'USER', 'Kaya'),
	(2, 'fatma.demir@email.com', 'Fatma', '$2a$10$hlLHor4s133pmO4UsSZSDedPaaiz.hZne3LFrpmIM6I1GnyB6aI3K', 'USER', 'Demir'),
	(1, 'ahmet.yilmaz@email.com', 'Ahmet', '$2a$10$hlLHor4s133pmO4UsSZSDedPaaiz.hZne3LFrpmIM6I1GnyB6aI3K', 'USER', 'Yılmaz');


--
-- Name: tasks_id_seq; Type: SEQUENCE SET; Schema: public; Owner: postgres
--

SELECT pg_catalog.setval('public.tasks_id_seq', 51, true);


--
-- Name: user_profiles_id_seq; Type: SEQUENCE SET; Schema: public; Owner: postgres
--

SELECT pg_catalog.setval('public.user_profiles_id_seq', 19, true);


--
-- Name: users_id_seq; Type: SEQUENCE SET; Schema: public; Owner: postgres
--

SELECT pg_catalog.setval('public.users_id_seq', 88, true);


--
-- Name: tasks tasks_pkey; Type: CONSTRAINT; Schema: public; Owner: postgres
--

ALTER TABLE ONLY public.tasks
    ADD CONSTRAINT tasks_pkey PRIMARY KEY (id);


--
-- Name: users uk6dotkott2kjsp8vw4d0m25fb7; Type: CONSTRAINT; Schema: public; Owner: postgres
--

ALTER TABLE ONLY public.users
    ADD CONSTRAINT uk6dotkott2kjsp8vw4d0m25fb7 UNIQUE (email);


--
-- Name: user_profiles uke5h89rk3ijvdmaiig4srogdc6; Type: CONSTRAINT; Schema: public; Owner: postgres
--

ALTER TABLE ONLY public.user_profiles
    ADD CONSTRAINT uke5h89rk3ijvdmaiig4srogdc6 UNIQUE (user_id);


--
-- Name: user_profiles user_profiles_pkey; Type: CONSTRAINT; Schema: public; Owner: postgres
--

ALTER TABLE ONLY public.user_profiles
    ADD CONSTRAINT user_profiles_pkey PRIMARY KEY (id);


--
-- Name: users users_pkey; Type: CONSTRAINT; Schema: public; Owner: postgres
--

ALTER TABLE ONLY public.users
    ADD CONSTRAINT users_pkey PRIMARY KEY (id);


--
-- Name: tasks fkh279lo9lqbhxqh68jq9sqs83s; Type: FK CONSTRAINT; Schema: public; Owner: postgres
--

ALTER TABLE ONLY public.tasks
    ADD CONSTRAINT fkh279lo9lqbhxqh68jq9sqs83s FOREIGN KEY (owner_id) REFERENCES public.users(id);


--
-- Name: user_profiles fkjcad5nfve11khsnpwj1mv8frj; Type: FK CONSTRAINT; Schema: public; Owner: postgres
--

ALTER TABLE ONLY public.user_profiles
    ADD CONSTRAINT fkjcad5nfve11khsnpwj1mv8frj FOREIGN KEY (user_id) REFERENCES public.users(id);


--
-- PostgreSQL database dump complete
--

